,0,1,2,3
0,1.0,0.10178762194046631,0.10857026614224483,0.031752524265663364
1,2.0,0.08980427960686091,0.09357929762487625,0.01499696788915534
2,3.0,0.09716101949340612,0.09792468584063793,0.017655319517867044
3,4.0,0.11126727653993383,0.10901883756989598,0.027141650833597684
4,5.0,0.10893093688691863,0.10367261153741719,0.020268407285747615
5,6.0,0.08179051948347123,0.07352749708678086,-0.011321414800175164
6,7.0,0.10228176183347401,0.09102219699509348,0.00481231310495015
7,8.0,0.09239332142654638,0.07814832597758738,-0.009337451168589112
8,9.0,0.09390804607651576,0.07669167810766732,-0.011983654394784927
9,10.0,0.09998586614949175,0.07981511613738179,-0.00996225987406893
10,11.0,0.09816534151041639,0.07506011555006274,-0.015730704539217093
11,12.0,0.11201720973285295,0.08600030989275073,-0.005714354696238651
12,13.0,0.10573822524085205,0.07683532706008504,-0.015712670727510224
13,14.0,0.09990113114162247,0.06814075829120592,-0.025149238994634036
14,15.0,0.10358215672174621,0.06899565285520717,-0.024944277964594225
15,16.0,0.10284156839679798,0.06546306621777355,-0.029034090765775438
16,17.0,0.11470871733436139,0.07457510491174102,-0.020386020950392818
17,18.0,0.09788098654642816,0.05503187091028315,-0.04029950866400526
18,19.0,0.1031292674011166,0.057606935455343476,-0.038000617268956635
19,20.0,0.09142496765637827,0.04327434444662973,-0.05251502831598292
20,21.0,0.07430470725685132,0.023573311634940218,-0.07230334861985939
21,22.0,0.10614094703302548,0.052878844761555036,-0.04299048429708952
22,23.0,0.10792098085689064,0.05218073520039121,-0.04358665120876178
23,24.0,0.09142885241689332,0.033265472268226494,-0.062305460643185775
24,25.0,0.12102437910177488,0.060495264694997386,-0.034784897746309155
25,26.0,0.08316246964395993,0.02032735590722274,-0.07456800604696193
26,27.0,0.09744658094046753,0.03236747854485359,-0.06204943265681631
27,28.0,0.0943043102155011,0.027045444377979604,-0.0667998379789113
28,29.0,0.1105961795603551,0.04122392666124637,-0.05195711288725754
29,30.0,0.10896019542029589,0.03754301749779783,-0.054881820806167964
30,31.0,0.09472127252190929,0.021329649708330997,-0.07024777519427662
31,32.0,0.09576666468848896,0.020473025654869456,-0.07016660998427761
32,33.0,0.08182964511520255,0.004708295592956751,-0.08490410040540972
33,34.0,0.06953248365449255,-0.009340466895374449,-0.09783718663714566
34,35.0,0.08440610435239311,0.003859390854650966,-0.0834343170524783
35,36.0,0.08790676093821952,0.005765774374301907,-0.08023877334757816
36,37.0,0.0970190130716105,0.013364816678254527,-0.07126569475322972
37,38.0,0.09502913520034753,0.00994428556969988,-0.07322866947417114
38,39.0,0.07733938274061453,-0.009092151653157693,-0.09072546864437976
39,40.0,0.07631679052960069,-0.011376131137855095,-0.0913892478482676
40,41.0,0.06690315668375454,-0.02196460993099373,-0.10027856307450421
41,42.0,0.061161001971544414,-0.0287939078339831,-0.10533141099379706
42,43.0,0.056196602058472545,-0.03475667630224402,-0.10944219620322745
43,44.0,0.0905928824501188,-0.0012690045609671623,-0.07402883561186983
44,45.0,0.06374427877374686,-0.028935560295848595,-0.09969789732782416
45,46.0,0.062147792109681056,-0.03125853520663477,-0.09995354433627318
46,47.0,0.05162266042774139,-0.04241797436731614,-0.1089778619142554
47,48.0,0.06948428757795908,-0.02509784794296089,-0.08945692733406474
48,49.0,0.043068275823696656,-0.05196201927436618,-0.11405677586844147
49,50.0,0.054519291364957694,-0.04086537988213282,-0.10063453365121194
50,51.0,0.04507556497487722,-0.050569349266651,-0.1079539152719813
51,52.0,0.0552294706706828,-0.04058129658227717,-0.09552464318533402
52,53.0,0.04353192286260127,-0.052350143741885895,-0.10479804849296266
53,54.0,0.034065179161067764,-0.06179356277119015,-0.1116942659204098
54,55.0,0.04277593584955143,-0.05296488040535626,-0.10026913598329545
55,56.0,0.04448484116003718,-0.051043564790805525,-0.09570468920832083
56,57.0,0.03797078495128547,-0.05725093569210299,-0.09922485381139715
57,58.0,0.03739760584177163,-0.057423457152145196,-0.09666874578360707
58,59.0,0.025063018175038008,-0.06926381022811788,-0.10574173901000933
59,60.0,0.02478118553316785,-0.06895831908780917,-0.10263288870845613
60,61.0,0.01865831494085332,-0.07440135632419148,-0.10523933404895851
61,62.0,0.01873666015183185,-0.07355133909697242,-0.10152229156495929
62,63.0,0.011127962118341033,-0.08029728800102928,-0.10537361125912412
63,64.0,-0.0010951746401788726,-0.09156744994615164,-0.11372439669079992
64,65.0,0.01483418373005676,-0.07459583154964164,-0.09381153554944692
65,66.0,0.005921495303243994,-0.08237800332211556,-0.09863350099717018
66,67.0,-0.009493105340244378,-0.09657494636664954,-0.10985419550329811
67,68.0,0.008299554608095392,-0.07747868955578037,-0.08776858513834833
68,69.0,-0.0085420212238158,-0.0929320157543053,-0.10022240289816678
69,70.0,-0.0020908772506476585,-0.08500933941167686,-0.08929302338489997
70,71.0,0.001541856866294441,-0.0798232424139888,-0.0810959957376674
71,72.0,-0.007592263577748108,-0.0873237024476232,-0.08558426906788821
72,73.0,-0.0006123642165981741,-0.07863145737199381,-0.07388155389958667
73,74.0,-0.027467058803585145,-0.10369681081891624,-0.09594112483510144
74,75.0,-0.014192893295413282,-0.0885580746087702,-0.07780426003925835
75,76.0,-0.028143942425332743,-0.10057116358097636,-0.08682983314242389
76,77.0,-0.03306232839199115,-0.10348011246688521,-0.08676482719342404
77,78.0,-0.03317733412213592,-0.1015161872650406,-0.0818434431251747
78,79.0,-0.03351181389419198,-0.09970429390770495,-0.0770935055247813
79,80.0,-0.032812088782014255,-0.09679287167987713,-0.07126635317219607
80,81.0,-0.04796975838924375,-0.1096757028632299,-0.08125864582270462
81,82.0,-0.03021867115112186,-0.08958888088388438,-0.058309329514980954
82,83.0,-0.03744027541268561,-0.09441615917507058,-0.06030498261856417
83,84.0,-0.06028775590439681,-0.11481308537791256,-0.07790394724677206
84,85.0,-0.03282688046930829,-0.08484784573668729,-0.04517717089415407
85,86.0,-0.03148751059244822,-0.0809527732415388,-0.03855971185418363
86,87.0,-0.04134582207799307,-0.08820656586657409,-0.04313295476781011
87,88.0,-0.05756764511868974,-0.10177762415020802,-0.054067945552386566
88,89.0,-0.06905566527204574,-0.11057124963473267,-0.060272587230570565
89,90.0,-0.05032578151521005,-0.08910600033953686,-0.036267992836195924
90,91.0,-0.06736415634589421,-0.10337073823787388,-0.04804553036954995
91,92.0,-0.05350752284434411,-0.08670493365477652,-0.028947124722142357
92,93.0,-0.06598394091743102,-0.09633941880981832,-0.03620600879710562
93,94.0,-0.06056784387746581,-0.0880514316599894,-0.02560176498288609
94,95.0,-0.06896870241702005,-0.0935532771066724,-0.02884898404654921
95,96.0,-0.06759318616461872,-0.08925448575431282,-0.022359421636576133
96,97.0,-0.07660678975886999,-0.09532343716111119,-0.026303619337706242
97,98.0,-0.060830251871390004,-0.07658377601488046,-0.0055073187131352945
98,99.0,-0.07931934622764325,-0.0920942002859994,-0.019031247388106236
99,100.0,-0.0783885527769454,-0.0881721295115385,-0.01319478533101033
100,101.0,-0.0653155915102271,-0.07209823571200563,0.00471950616457581
101,102.0,-0.09928029813461313,-0.10305531615262849,-0.02447298641690758
102,103.0,-0.10007848963720604,-0.10084215598443791,-0.02057278966166705
103,104.0,-0.07916437746633913,-0.07691593849630132,0.004961248239996951
104,105.0,-0.10198659103656055,-0.09672826568705911,-0.013324061435389552
105,106.0,-0.07212708642574239,-0.06386406402905205,0.020984847857903968
106,107.0,-0.0969170674658156,-0.08565750262743502,0.0005523812627083484
107,108.0,-0.10138144162393094,-0.08713644617497192,0.00034933097120458736
108,109.0,-0.07571081432964749,-0.058494446360799035,0.030180886141653228
109,110.0,-0.08107473321576378,-0.060903983203653825,0.028873392807796886
110,111.0,-0.07804931619454192,-0.05494409023418828,0.03584672985509156
111,112.0,-0.08841402808046933,-0.062397128240367146,0.029317536348622247
112,113.0,-0.10674010483992914,-0.0778372066591621,0.014710791128433163
113,114.0,-0.07958373144570385,-0.04782335859528729,0.04546663869055269
114,115.0,-0.10182355810380575,-0.06723705423726674,0.026702876582534667
115,116.0,-0.09148026116509135,-0.054101758986066874,0.040395397997482124
116,117.0,-0.09029540692504785,-0.050161794502427484,0.044799331359706346
117,118.0,-0.1014826701149945,-0.058633554478849555,0.036697825095438855
118,119.0,-0.09385779668114677,-0.04833546473537364,0.04727208798892648
119,120.0,-0.09074385833373025,-0.04259323512398172,0.05319613763863093
120,121.0,-0.09607035010363582,-0.04533895448172472,0.05053770577307489
121,122.0,-0.11059876898446382,-0.05733666671299338,0.03853266234565118
122,123.0,-0.09629423712623503,-0.04055399146973565,0.05521339493941734
123,124.0,-0.08558664365408743,-0.027423263505420667,0.06814766940599161
124,125.0,-0.10527251145921246,-0.04474339705243497,0.050536765388871564
125,126.0,-0.09920247179322429,-0.03636735805648711,0.05852800389769755
126,127.0,-0.10134053128466944,-0.036261428889055515,0.05815548231261438
127,128.0,-0.07768351143096601,-0.010424645593444488,0.08342063676344642
128,129.0,-0.08854543984664616,-0.019173186947537453,0.07400785260096646
129,130.0,-0.09019198935888194,-0.018774811436383883,0.07365002686758192
130,131.0,-0.10087095900939329,-0.02747933619581501,0.06409808870679261
131,132.0,-0.08659254757954908,-0.01129890854592956,0.07934072709321752
132,133.0,-0.09745082919807743,-0.02032947967583161,0.06928291632253487
133,134.0,-0.0890221427539883,-0.010149192204121322,0.07834752753764988
134,135.0,-0.09424368662944345,-0.013696973131701314,0.07359673477542795
135,136.0,-0.07957893829771473,0.0025620482662028782,0.08856659598808295
136,137.0,-0.07895019809818384,0.004703998295172165,0.08933450972665638
137,138.0,-0.08508832426828333,-3.474637635683675e-06,0.0831694804062353
138,139.0,-0.07725258378807759,0.009178950605694656,0.09081226759691668
139,140.0,-0.09027043312265912,-0.002577511455203331,0.07743560525520918
140,141.0,-0.09230126226148154,-0.003433495646733264,0.07488045749677721
141,142.0,-0.0709672643306888,0.018987645474838704,0.09552514863465265
142,143.0,-0.07159256901099738,0.019360709349719174,0.0940462292507026
143,144.0,-0.06473481412887988,0.027127072882206067,0.0998869039331088
144,145.0,-0.04500935284262397,0.04767048622697147,0.11843282325894705
145,146.0,-0.057083740255888776,0.036322587060427035,0.10501759619006545
146,147.0,-0.07327883628268225,0.02076179851237528,0.08732168605931455
147,148.0,-0.05053922113868149,0.044042914382238466,0.10840199377334234
148,149.0,-0.07236632840439136,0.022663966693671486,0.08475872328774672
149,150.0,-0.06126254021524448,0.034122131031846026,0.09389128480092516
150,151.0,-0.05471264664006031,0.04093226760146791,0.09831683360679823
151,152.0,-0.03422701847559652,0.061583748777363445,0.1165270953804203
152,153.0,-0.05608752245877445,0.039794544145712714,0.09224244889678954
153,154.0,-0.054135886388882046,0.041722855543375875,0.09162355869259553
154,155.0,-0.04404228337719232,0.05169853287771537,0.09900278845565458
155,156.0,-0.046836305318354095,0.04869210063248862,0.09335322505000393
156,157.0,-0.026039253506388763,0.06918246713699969,0.1111563852562939
157,158.0,-0.04517220194800803,0.0496488610459088,0.08889414967737065
158,159.0,-0.04288092563595863,0.051445902767197245,0.08792383154908866
159,160.0,-0.03278679764048359,0.06095270698049343,0.09462727660114041
160,161.0,-0.030363243925535893,0.0626964273395089,0.09353440506427595
161,162.0,-0.0030368712290673346,0.0892511280197369,0.11722208048772371
162,163.0,-0.009765216869527938,0.08166003324984236,0.10673635650793718
163,164.0,-0.01529213896928596,0.0751801363366868,0.09733708308133501
164,165.0,-0.025314277495820922,0.06411573778387748,0.08333144178368282
165,166.0,-0.001495674901311153,0.0868038237240484,0.10305932139910301
166,167.0,-0.016811031603311682,0.07027080942309344,0.08355005855974204
167,168.0,-0.019119443020613823,0.06665880114326195,0.07694869672582996
168,169.0,0.011349335503506294,0.09573933003399585,0.10302971717785746
169,170.0,0.005779757327857533,0.08869821948888676,0.09298190346210988
170,171.0,0.014957636993289105,0.09632273627357235,0.09759548959725096
171,172.0,0.012069369214752415,0.09180080808462752,0.09006137470489255
172,173.0,0.020574677181058036,0.09859377033645371,0.0938438668640466
173,174.0,0.008608544667047182,0.08483829668237827,0.07708261069856345
174,175.0,0.007873881289344116,0.08223906260270104,0.07148524803318915
175,176.0,0.02811178669874587,0.10053900785438948,0.08679767741583708
176,177.0,0.01632026025843391,0.08673804433332796,0.07002275905986677
177,178.0,0.02049333969698971,0.0888321928398944,0.06915944870002867
178,179.0,0.025840963537744854,0.0920334435512578,0.06942265516833415
179,180.0,0.03354853379456226,0.09752931669242514,0.0720027981847441
180,181.0,0.03277832086887534,0.0944842653428615,0.06606720830233621
181,182.0,0.025477423086483493,0.08484763281924607,0.05356808145034265
182,183.0,0.03566071578166133,0.0926365995440463,0.05852542298753986
183,184.0,0.022691287519380297,0.07721661699289606,0.040307478861755494
184,185.0,0.053961716917536186,0.10598268218491518,0.06631200734238196
185,186.0,0.03442582579668657,0.08389108844577714,0.04149802705842193
186,187.0,0.042089784395305134,0.08895052818388609,0.04387691708512204
187,188.0,0.056290047553176,0.10050002658469426,0.05279034798687282
188,189.0,0.050952509093027204,0.0924680934557141,0.04216943105155202
189,190.0,0.07630044473858877,0.11508066356291559,0.06224265605957466
190,191.0,0.05040381777892791,0.08641039967090759,0.03108519180258367
191,192.0,0.06840248224166023,0.10159989305209265,0.04384208411945847
192,193.0,0.06767386251592462,0.09802934040831196,0.03789593039559928
193,194.0,0.05865329926489088,0.08613688704741457,0.023687220370311332
194,195.0,0.07776513299408158,0.10234970768373393,0.03764541462361069
195,196.0,0.07294345453431571,0.09460475412400983,0.027709690006273227
196,197.0,0.08442969547821487,0.10314634288045604,0.03412652505705105
197,198.0,0.08692399835008562,0.10267752249357619,0.031601065191831146
198,199.0,0.10222082664748633,0.1149956807058425,0.04193272780794935
199,200.0,0.09577372590575632,0.10555730264034943,0.030579958459821283
200,201.0,0.08045528010136521,0.08723792430314375,0.010420182426562312
201,202.0,0.08340891574742942,0.08718393376544468,0.00860160402972369
202,203.0,0.09837023561121983,0.09913390195845172,0.018864535635680853
203,204.0,0.09541098185514525,0.09316254288510734,0.011285356148808975
204,205.0,0.09665667224639488,0.0913983468968935,0.007994142645223974
205,206.0,0.07539373783912695,0.06713071544243669,-0.017718196444519285
206,207.0,0.09253761641422875,0.0812780515758483,-0.004931832314294988
207,208.0,0.08652658441746644,0.07228158896850745,-0.01520418817766904
208,209.0,0.09773948058488371,0.08052311261603526,-0.008152219886416985
209,210.0,0.09489837723367842,0.0747276272215685,-0.015049748789882212
210,211.0,0.10582669487973353,0.08272146891937991,-0.008069351169899925
211,212.0,0.10064665681513621,0.07462975697503403,-0.017084907613955362
212,213.0,0.10599112761047189,0.0770882294297048,-0.015459768357890502
213,214.0,0.09402019000933474,0.06225981715891826,-0.031030180126921686
214,215.0,0.08969906183510944,0.055112557968570355,-0.03882737285123106
215,216.0,0.09540432819102983,0.05802582601200548,-0.03647133097154349
216,217.0,0.09959772246417092,0.05946411004155049,-0.035497015820583344
217,218.0,0.10372408653963698,0.06087497090349211,-0.03445640867079629
218,219.0,0.1225916798915161,0.07706934794574297,-0.01853820477855714
219,220.0,0.09954335353278909,0.05139273032304057,-0.04439664243957208
220,221.0,0.09027515541026432,0.03954375978835326,-0.05633290046644635
221,222.0,0.09614494332162801,0.042882841050157584,-0.05298648800848698
222,223.0,0.09464065912183463,0.03890041346533527,-0.05686697294381771
223,224.0,0.10366531735869233,0.04550193721002544,-0.050068995701386815
224,225.0,0.08291886271745254,0.022389748310675008,-0.07289041413063153
225,226.0,0.09833874633195089,0.03550363259521364,-0.05939172935897101
226,227.0,0.09855406114710681,0.033474958751492825,-0.060941952450177056
227,228.0,0.0984979590777622,0.031239093240240674,-0.06260618911665024
228,229.0,0.08929522672711689,0.01992297382800819,-0.07325806572049573
229,230.0,0.09188739042393297,0.020470212501434926,-0.07195462580253087
230,231.0,0.07893118917511475,0.005539566361536366,-0.08603785854107121
231,232.0,0.08705184065884532,0.011758201625225801,-0.07888143401392127
232,233.0,0.08527888783133654,0.008157538309090771,-0.08145485768927574
233,234.0,0.0935009487993461,0.014627998249479189,-0.07386872149229205
234,235.0,0.07632340152743557,-0.004223311970306524,-0.09151701987743584
235,236.0,0.0941552522642797,0.012014265700362153,-0.07399028202151796
236,237.0,0.09966095170924695,0.016006755315890943,-0.06862375611559327
237,238.0,0.06230548646236808,-0.022779363168279578,-0.10595231821215056
238,239.0,0.08547523822247505,-0.0009562961712971801,-0.08258961316251921
239,240.0,0.08610889838565651,-0.0015840232817992596,-0.08159713999221178
240,241.0,0.07101431607890321,-0.017853450535845073,-0.09616740367935556
241,242.0,0.07138846320004609,-0.018566446605481478,-0.09510394976529535
242,243.0,0.07193049818885312,-0.019022780171863426,-0.09370830007284686
243,244.0,0.06810721970378356,-0.02375466730730245,-0.09651449835820507
244,245.0,0.06575067090079226,-0.026929168168803173,-0.09769150520077882
245,246.0,0.049768497062493096,-0.04363783025382273,-0.11233283938346109
246,247.0,0.07567392967607194,-0.018366705118985565,-0.08492659266592491
247,248.0,0.07250556994000817,-0.02207656558091179,-0.08643564497201563
248,249.0,0.05107361170723413,-0.04395668339082872,-0.10605143998490396
249,250.0,0.041982450889072265,-0.05340222035801824,-0.1131713741270974
250,251.0,0.059240879351341584,-0.03640403489018663,-0.09378860089551697
251,252.0,0.04560256599395954,-0.050208201259000426,-0.1051515478620573
252,253.0,0.05005950587149785,-0.045822560732989306,-0.09827046548406614
253,254.0,0.04267821683084104,-0.05318052510141688,-0.10308122825063663
254,255.0,0.049973145643639784,-0.0457676706112679,-0.09307192618920704
255,256.0,0.047149013891293,-0.0483793920595497,-0.09304051647706493
256,257.0,0.03004963894281793,-0.06517208170057052,-0.10714599981986467
257,258.0,0.02053924731042342,-0.07428181568349344,-0.11352710431495544
258,259.0,0.015576855138496805,-0.07874997326465909,-0.1152279020465505
259,260.0,0.03451239098411131,-0.059227113636865725,-0.09290168325751272
260,261.0,0.013494326840772567,-0.07956534442427225,-0.11040332214903929
261,262.0,0.017264028224250414,-0.07502397102455385,-0.10299492349254077
262,263.0,0.013296284554280563,-0.07812896556508978,-0.10320528882318467
263,264.0,0.015641978420442505,-0.07483029688553028,-0.09698724363017863
264,265.0,-0.006302875750945902,-0.09573289103064427,-0.1149485950304495
265,266.0,0.011827090633265012,-0.07647240799209458,-0.09272790566714931
266,267.0,0.012047788367758105,-0.07503405265864702,-0.08831330179529563
267,268.0,0.0045559529232842445,-0.0812222912405915,-0.09151218682315947
268,269.0,-0.0025778992969680706,-0.08696789382745758,-0.09425828097131908
269,270.0,-0.0016363295459211895,-0.0845547917069504,-0.08883847568017354
270,271.0,-0.0017585852990796014,-0.08312368457936284,-0.08439643790304148
271,272.0,-0.036608020249588695,-0.1163394591194638,-0.11460002573972884
272,273.0,0.007552752020475655,-0.07046634113491994,-0.06571643766251266
273,274.0,-0.011217867373169288,-0.08744761938850046,-0.07969193340468568
274,275.0,-0.024740395531059035,-0.09910557684441593,-0.08835176227490402
275,276.0,-0.02520537526780551,-0.0976325964234492,-0.08389126598489684
276,277.0,-0.019416939126680507,-0.08983472320157454,-0.0731194379281133
277,278.0,-0.02854987686483545,-0.09688873000774009,-0.07721598586787423
278,279.0,-0.05070313325073322,-0.11689561326424618,-0.09428482488132253
279,280.0,-0.01272881359071849,-0.07670959648858137,-0.051183077980900354
280,281.0,-0.03742366655373489,-0.09912961102772107,-0.07071255398719578
281,282.0,-0.02902520890350567,-0.08839541863626825,-0.05711586726736485
282,283.0,-0.049017398287834066,-0.1059932820502191,-0.07188210549371268
283,284.0,-0.029561548499166493,-0.08408687797268233,-0.04717773984154193
284,285.0,-0.04484596551834143,-0.09686693078572049,-0.05719625594318729
285,286.0,-0.0443579640079996,-0.09382322665709011,-0.051430165269734915
286,287.0,-0.06358615145105902,-0.11044689523964014,-0.06537328414087624
287,288.0,-0.043656943863739237,-0.08786692289525751,-0.04015724429743607
288,289.0,-0.05144995741159244,-0.09296554177427935,-0.04266687937011728
289,290.0,-0.04785183648887141,-0.08663205531319824,-0.03379404780985733
290,291.0,-0.06961326247257817,-0.10561984436455786,-0.05029463649623396
291,292.0,-0.0705422447327762,-0.10373965554320869,-0.04598184661057453
292,293.0,-0.045027523721360166,-0.0753830016137475,-0.01524959160103483
293,294.0,-0.08093439246951845,-0.10841798025204198,-0.04596831357493863
294,295.0,-0.0738918633955472,-0.09847643808519965,-0.03377214502507655
295,296.0,-0.06329000422051129,-0.08495130381020533,-0.01805623969246859
296,297.0,-0.07573454028892967,-0.09445118769117082,-0.02543136986776583
297,298.0,-0.07285942001291541,-0.08861294415640587,-0.017536486854660735
298,299.0,-0.08458295744730819,-0.09735781150566437,-0.02429485860777121
299,300.0,-0.07870788753291721,-0.08849146426751034,-0.013514120086982186
300,301.0,-0.0972123669981428,-0.10399501119992136,-0.02717726932333992
301,302.0,-0.06922140072700686,-0.07299641874502208,0.0055859109906989165
302,303.0,-0.08855528010363439,-0.08931894645086629,-0.009049580128095433
303,304.0,-0.0956601265878878,-0.09341168761784988,-0.011534500881551512
304,305.0,-0.08359152616509977,-0.07833320081559843,0.005071003436071079
305,306.0,-0.09617049615612089,-0.08790747375943048,-0.003058561872474427
306,307.0,-0.10612346237224567,-0.09486389753386508,-0.008654013643721738
307,308.0,-0.10737406856749891,-0.0931290731185399,-0.005643295972363412
308,309.0,-0.08800250306755,-0.07078613509870155,0.01788919740375068
309,310.0,-0.09747561551157069,-0.07730486549946076,0.01247251051198995
310,311.0,-0.09806192139549201,-0.07495669543513839,0.01583412465414144
311,312.0,-0.08669703660346056,-0.060680136763358386,0.031034527825631
312,313.0,-0.10939610607694955,-0.08049320789618261,0.012054789891412641
313,314.0,-0.10599115850534242,-0.07423078565492595,0.019059211630913994
314,315.0,-0.10299232248610471,-0.06840581861956563,0.025534112200235777
315,316.0,-0.09856130922988456,-0.06118280705086024,0.033314349932688725
316,317.0,-0.10018964111569112,-0.060056028693070695,0.03490509716906314
317,318.0,-0.10280144110798524,-0.059952325471840234,0.03537905410244818
318,319.0,-0.10061485440556406,-0.05509252245979093,0.040515030264509186
319,320.0,-0.10103897781230728,-0.05288835460255876,0.04290101816005389
320,321.0,-0.10703064930071005,-0.05629925367879897,0.03957740657600064
321,322.0,-0.10773469096416265,-0.05447258869269224,0.041396740365952325
322,323.0,-0.09653145529105618,-0.04079120963455667,0.05497617677459631
323,324.0,-0.10775965345091301,-0.049596273302246266,0.04597465960916601
324,325.0,-0.10990038545380733,-0.0493712710470298,0.04590889139427674
325,326.0,-0.1008290489012045,-0.03799393516446727,0.05690142678971738
326,327.0,-0.09856566592909122,-0.03348656353347723,0.06093034766819264
327,328.0,-0.07360891374277735,-0.00635004790525584,0.08749523445163507
328,329.0,-0.10231539017533285,-0.032943137276224166,0.060237902272279764
329,330.0,-0.08483400047159811,-0.013416822549100062,0.07900801575486574
330,331.0,-0.08569991492289382,-0.01230829210931555,0.07926913279329208
331,332.0,-0.10387448904450461,-0.028580850010885117,0.062058785628261955
332,333.0,-0.08297497281747764,-0.005853623295231787,0.08375877270313467
333,334.0,-0.10117925473866504,-0.022306304188798122,0.06619041555297313
334,335.0,-0.1144769482256221,-0.033930234727880024,0.053363473179249284
335,336.0,-0.08028007600358589,0.0018609105603317536,0.08786545828221179
336,337.0,-0.10227501209871055,-0.01862081570535464,0.06600969572612966
337,338.0,-0.07849599209444426,0.006588857536203389,0.08976181258007439
338,339.0,-0.08805275989206622,-0.0016212254982939881,0.08001209149292805
339,340.0,-0.06274431007345534,0.024948611594000428,0.10496172830441296
340,341.0,-0.06670359234126541,0.022164174273482856,0.10047812741699336
341,342.0,-0.07989503938184807,0.010059870423679434,0.08659737358349341
342,343.0,-0.08013768007500952,0.010815598285707037,0.08550111818669047
343,344.0,-0.08322590252874204,0.008635984482343947,0.08139581553324658
344,345.0,-0.07325002691418939,0.019429812155406026,0.09019214918738169
345,346.0,-0.06933209007763795,0.024074237238677864,0.09276924636831624
346,347.0,-0.06779754947215746,0.026243085322900074,0.0928029728698393
347,348.0,-0.06014234546691633,0.034439790054003626,0.09879886944510748
348,349.0,-0.05342203932198739,0.04160825577607546,0.10370301237015073
349,350.0,-0.05315014959716568,0.04223452164992483,0.10200367541900399
350,351.0,-0.06167166982587844,0.03397324441564978,0.09135781042098011
351,352.0,-0.06573836043010584,0.030072406822854128,0.08501575342591088
352,353.0,-0.03499465575726536,0.060887410847221796,0.11333531559829864
353,354.0,-0.05276599284779122,0.0430927490844667,0.0929934522336863
354,355.0,-0.049580694132288286,0.04616012212261941,0.09346437770055871
355,356.0,-0.045413415577744067,0.05011499037309864,0.09477611479061389
356,357.0,-0.055736308229020266,0.03948541241436818,0.08145933053366233
357,358.0,-0.03915262690477868,0.05566843608913814,0.09491372472060002
358,359.0,-0.03620279725192711,0.05812403115122878,0.0946019599331202
359,360.0,-0.02220501420960414,0.07153449041137289,0.1052090600320199
360,361.0,-0.018398347927539506,0.0746613233375053,0.10549930106227236
361,362.0,-0.02229448287637461,0.06999351637242966,0.09796446884041658
362,363.0,-0.009940941197642621,0.08148430892172773,0.10656063217982262
363,364.0,-0.01276800154512536,0.07770427376084743,0.09986122050549578
364,365.0,-0.013216743423544727,0.07621327185615365,0.09542897585595889
365,366.0,-0.008330022982344507,0.07996947564301508,0.09622497331806983
366,367.0,-0.008715413065230052,0.07836642796117507,0.09164567709782369
367,368.0,-0.007620227193172147,0.07815801697070358,0.08844791255327157
368,369.0,-0.003208297788956324,0.0811816967415332,0.08847208388539472
369,370.0,-0.008669782106091057,0.07424868005493818,0.07853236402816133
370,371.0,0.008553465808643851,0.08991856508892711,0.09119131841260575
371,372.0,-0.0010491434239736277,0.0786822954459015,0.07694286206616655
372,373.0,0.02042268370276764,0.09844177685816323,0.09369187338575598
373,374.0,0.012624214798439053,0.08885396681377021,0.08109828082995545
374,375.0,0.01871125952368973,0.09307644083704661,0.08232262626753473
375,376.0,0.026234209278739054,0.09866143043438275,0.08492009999583039
376,377.0,0.03078750155080166,0.10120528562569568,0.08449000035223447
377,378.0,0.011682603388157246,0.08002145653106191,0.060348712391196054
378,379.0,0.028327251811278546,0.09451973182479151,0.07190894344186788
379,380.0,0.0421755313251195,0.1061563142229824,0.08062979571530138
380,381.0,0.019337201787087616,0.08104314626107378,0.05262608922054852
381,382.0,0.04309974077461429,0.10246995050737687,0.07119039913847348
382,383.0,0.019541257515968403,0.07651714127835331,0.04240596472184677
383,384.0,0.034700250605268435,0.08922558007878426,0.052316441947643885
384,385.0,0.04809570792566609,0.10011667319304517,0.060445998350511974
385,386.0,0.033879251329534565,0.08334451397862508,0.04095145259126988
386,387.0,0.04327851041274797,0.0901392542013291,0.04506564310256521
387,388.0,0.04105004668593036,0.08526002571744865,0.03755034711962722
388,389.0,0.0748294883790159,0.11634507274170283,0.06604641033754077
389,390.0,0.06251257633939472,0.10129279516372157,0.048454787660380666
390,391.0,0.06900528965468906,0.10501187154666877,0.04968666367834487
391,392.0,0.06350522254301678,0.09670263335344927,0.03894482442081512
392,393.0,0.06453237321062757,0.09488785110301494,0.03475444109030226
393,394.0,0.05416949235579264,0.08165308013831618,0.019203413461212834
394,395.0,0.06961399276128534,0.09419856745093781,0.029494274390814722
395,396.0,0.067043995728422,0.08870529531811604,0.02181023120037933
396,397.0,0.08529102920900158,0.10400767661124274,0.034987858787837764
397,398.0,0.09009997547702407,0.10585349962051455,0.034777042318769415
398,399.0,0.09525425431042121,0.1080291083687774,0.03496615547088425
399,400.0,0.09093396580600471,0.10071754254059785,0.025740198360069706
400,401.0,0.07816055911155978,0.08494320331333835,0.00812546143675691
401,402.0,0.07464373766358469,0.07841875568160009,-0.00016357405412079085
402,403.0,0.09504027146879963,0.09580393781603136,0.01553457149326043
403,404.0,0.0924212727226422,0.09017283375260426,0.00829564701630591
404,405.0,0.0725699724786486,0.06731164712914728,-0.016092557122522232
405,406.0,0.09511811620967298,0.08685509381298273,0.0020061819260267745
406,407.0,0.1009260758830968,0.08966651104471622,0.003456627154572879
407,408.0,0.09449614940133966,0.08025115395238065,-0.007234623193795829
408,409.0,0.09308969788435792,0.07587332991550948,-0.012802002586942758
409,410.0,0.08780339625394445,0.06763264624183454,-0.022144729769616164
410,411.0,0.08225955880317368,0.05915433284282024,-0.031636487246459524
411,412.0,0.1054774541566235,0.07946055431652117,-0.012254110272468255
412,413.0,0.09503670354166502,0.06613380536089809,-0.026414192426697153
413,414.0,0.09634971436125725,0.0645893415108408,-0.028700655774999157
414,415.0,0.11647073626348325,0.08188423239694434,-0.01205569842285719
415,416.0,0.10634983619164722,0.06897133401262275,-0.02552582297092641
416,417.0,0.10347617661559635,0.06334256419297594,-0.03161856166915789
417,418.0,0.10135318723595851,0.05850407159981353,-0.03682730797447472
418,419.0,0.11519853899226529,0.06967620704649234,-0.025931345677807915
419,420.0,0.11716181812355746,0.0690111949138088,-0.02677817784880384
420,421.0,0.10912965652998739,0.05839826090807634,-0.03747839934672328
421,422.0,0.10542700699260112,0.052164904721130716,-0.04370442433751369
422,423.0,0.07833058815623414,0.022590342499734788,-0.0731770439094182
423,424.0,0.10008772176329278,0.0419243416146259,-0.05364659129678635
424,425.0,0.09702576331996175,0.036496648913184236,-0.058783513528122444
425,426.0,0.09864565868380325,0.035810544947066036,-0.059084817007118616
426,427.0,0.10641945664067828,0.04134035424506444,-0.053076556956605486
427,428.0,0.06877937704386383,0.0015205112063422094,-0.09232477115054853
428,429.0,0.08957526688206867,0.02020301398295999,-0.07297802556554406
429,430.0,0.09696565127070067,0.025548473348202635,-0.06687636495576317
430,431.0,0.08850334280441252,0.015111719990834258,-0.07646570491177326
431,432.0,0.0778159783612046,0.0025223393275849958,-0.0881172963115619
432,433.0,0.0993971374604716,0.02227578793822575,-0.0673366080601407
433,434.0,0.09210916739519315,0.013236216845326238,-0.07526050289644502
434,435.0,0.07817418014120986,-0.0023725333565322165,-0.08966624126366143
435,436.0,0.08949144329233794,0.007350456728420305,-0.07865409099345963
436,437.0,0.09293196338483123,0.009277766991475239,-0.07535274444000897
437,438.0,0.08305826317549703,-0.0020265864551506194,-0.08519954149902172
438,439.0,0.08921829894900402,0.002786764555231803,-0.07884655243599023
439,440.0,0.0801224197869708,-0.007570501880484901,-0.08758361859089753
440,441.0,0.07343639650788186,-0.015431370106866477,-0.09374532325037681
441,442.0,0.06376697617933506,-0.026187933626192428,-0.10272543678600649
442,443.0,0.07239999629500657,-0.018553282065709973,-0.09323880196669343
443,444.0,0.07302805787825868,-0.01883382913282725,-0.09159366018372993
444,445.0,0.07759912820713667,-0.015080710862458794,-0.08584304789443428
445,446.0,0.0653774604409206,-0.02802886687539521,-0.0967238760050336
446,447.0,0.06872477009045053,-0.02531586470460718,-0.09187575225154627
447,448.0,0.05206326388230283,-0.04251887163861692,-0.10687795102972103
448,449.0,0.05138096274100078,-0.04364933235706209,-0.10574408895113724
449,450.0,0.05554280117682855,-0.03984187007026196,-0.09961102383934112
450,451.0,0.043483945946963885,-0.05216096829456449,-0.1095455342998947
451,452.0,0.05956292406533704,-0.03624784318762293,-0.09119118979067983
452,453.0,0.053271277531475994,-0.04261078907301116,-0.09505869382408787
453,454.0,0.048662458646216385,-0.04719628328604137,-0.09709698643526113
454,455.0,0.046446799385097555,-0.049294016869810296,-0.09659827244774946
455,456.0,0.060411958069581106,-0.035116447881261614,-0.07977757229877702
456,457.0,0.03261697084778584,-0.06260474979560261,-0.10457866791489678
457,458.0,0.01235847400936825,-0.08246258898454845,-0.12170787761601047
458,459.0,0.033399241080812304,-0.06092758732234359,-0.09740551610423503
459,460.0,0.027902561783422618,-0.06583694283755455,-0.09951151245820142
460,461.0,0.02020772899350868,-0.07285194227153623,-0.10368991999630298
461,462.0,0.01254389317364944,-0.07974410607515478,-0.10771505854314155
462,463.0,0.014867529720764189,-0.07655772039860616,-0.10163404365670108
463,464.0,0.01798103567531621,-0.0724912396306567,-0.09464818637530491
464,465.0,0.008031755301093985,-0.08139825997860446,-0.10061396397840988
465,466.0,0.034063841460764056,-0.05423565716459548,-0.07049115483965006
466,467.0,-0.002796165686915409,-0.08987800671332044,-0.10315725584996925
467,468.0,-0.004259441574239061,-0.0900376857381148,-0.10032758132068281
468,469.0,-0.022355237980128433,-0.10674523251061804,-0.11403561965447974
469,470.0,-9.548705839380672e-05,-0.08301394921942305,-0.08729763319264587
470,471.0,-0.02591311503347848,-0.10727821431376165,-0.10855096763744049
471,472.0,-0.01427663901906718,-0.09400807788894232,-0.09226864450920737
472,473.0,-0.014763076407636657,-0.09278216956303244,-0.08803226609062519
473,474.0,-0.022216080258517585,-0.09844583227384873,-0.09069014629003364
474,475.0,-0.0008275829326437022,-0.0751927642460006,-0.06443894967648872
475,476.0,-0.011351897602774486,-0.08377911875841818,-0.07003778831986585
476,477.0,-0.011162988137156441,-0.08158077221205065,-0.06486548693858944
477,478.0,-0.03621302565999111,-0.10455187880289565,-0.08487913466302965
478,479.0,-0.019110347927772567,-0.08530282794128555,-0.06269203955836192
479,480.0,-0.028413732740871875,-0.09239451563873491,-0.06686799713105407
480,481.0,-0.028604200494641692,-0.09031014496862788,-0.06189308792810262
481,482.0,-0.028932547732836135,-0.0883027574655986,-0.057023206096695055
482,483.0,-0.05118453226958098,-0.10816041603196576,-0.07404923947545906
483,484.0,-0.04916849525140331,-0.10369382472491931,-0.06678468659377908
484,485.0,-0.03908344229397969,-0.09110440756135878,-0.05143373271882559
485,486.0,-0.07700259328250342,-0.12646785593159396,-0.08407479454423876
486,487.0,-0.03800033696385771,-0.08486108075243855,-0.03978746965367437
487,488.0,-0.050237076118490376,-0.09444705515000867,-0.046737376552187265
488,489.0,-0.05880517866354252,-0.1003207630262296,-0.05002210062206769
489,490.0,-0.05866522222694965,-0.09744544105127649,-0.0446074335479356
490,491.0,-0.07363173970925227,-0.10963832160123181,-0.0543131137329078
491,492.0,-0.06923140719405936,-0.10242881800449186,-0.04467100907185772
492,493.0,-0.057063847315995675,-0.08741932520838322,-0.02728591519567069
493,494.0,-0.05735401451904061,-0.08483760230156433,-0.02238793562446113
494,495.0,-0.045570125863128294,-0.0701547005527806,-0.005450407492657398
495,496.0,-0.0753981645093425,-0.09705946409903639,-0.030164399981299553
496,497.0,-0.08329731963412826,-0.10201396703636942,-0.032994149212964445
497,498.0,-0.08383129646984812,-0.09958482061333876,-0.028508363311593756
498,499.0,-0.09076888590755307,-0.10354373996590928,-0.03048078706801613
499,500.0,-0.083186993970801,-0.09297057070539397,-0.01799322652486573
500,501.0,-0.08031977418066694,-0.08710241838244552,-0.010284676505864102
501,502.0,-0.08614513032850808,-0.08992014834652368,-0.011337818610802882
502,503.0,-0.07641017119569068,-0.07717383754292259,0.003095528779848228
503,504.0,-0.09120050256136467,-0.08895206359132675,-0.007074876855028398
504,505.0,-0.09372986351040452,-0.08847153816090322,-0.005067333909233722
505,506.0,-0.09737598305083844,-0.0891129606541484,-0.004264048767192526
506,507.0,-0.10910722292056302,-0.09784765808218261,-0.01163777419203936
507,508.0,-0.10958457075260788,-0.09533957530364891,-0.007853798157472423
508,509.0,-0.10673181390082827,-0.08951544593197967,-0.0008401134295273702
509,510.0,-0.0828656004134604,-0.06269485040135049,0.027082525610100203
510,511.0,-0.08777230306990835,-0.0646670771095546,0.026123742979725282
511,512.0,-0.08372483399929327,-0.05770793415919113,0.034006730429798245
512,513.0,-0.11144996453532716,-0.08254706635456008,0.010000931433035211
513,514.0,-0.11837062787455438,-0.08661025502413792,0.006679742261702013
514,515.0,-0.10574408759563274,-0.07115758372909399,0.022782347090707342
515,516.0,-0.09774663559009504,-0.06036813341107043,0.03412902357247858
516,517.0,-0.09478102385368706,-0.054647411431066654,0.04031371443106718
517,518.0,-0.08945284762440561,-0.046603731988260795,0.0487276475860276
518,519.0,-0.09715579367653543,-0.051633461730762324,0.04397409099353778
519,520.0,-0.08253923724283921,-0.03438861403309057,0.06140075872952208
520,521.0,-0.10206066222467532,-0.05132926660276427,0.04454739365203535
521,522.0,-0.10873555325903983,-0.05547345098756929,0.040395878071075274
522,523.0,-0.11608880102323993,-0.06034855536674059,0.03541883104241241
523,524.0,-0.10774021620191222,-0.04957683605324535,0.04599409685816691
524,525.0,-0.09590565325204758,-0.03537653884527022,0.059903623596036334
525,526.0,-0.10659332896348389,-0.043758215226746666,0.05113714672743798
526,527.0,-0.08762157113210053,-0.022542468736486698,0.07187444246518322
527,528.0,-0.08205287165538501,-0.014794005817863526,0.07905127653902738
528,529.0,-0.11896425646903651,-0.04959200356992771,0.04358903597857618
529,530.0,-0.08562608471631658,-0.014208906793818555,0.07821593151014726
530,531.0,-0.11556783885155758,-0.04217621603797944,0.049401208864628246
531,532.0,-0.08797004894156439,-0.012676409907944906,0.07796322573120218
532,533.0,-0.07845879694956705,-0.0013374474273212117,0.08827494857104524
533,534.0,-0.08869188727329612,-0.009818936723429206,0.07867778301834205
534,535.0,-0.10068211757769702,-0.020135404079954858,0.0671583038271744
535,536.0,-0.09219758328995734,-0.010056596726039629,0.07594795099584034
536,537.0,-0.0873325607214423,-0.0036783643280863,0.08095214710339793
537,538.0,-0.08482778455040296,0.0002570650802446088,0.0834300201241157
538,539.0,-0.08324161932236074,0.003189915071411483,0.08482323206263352
539,540.0,-0.08043864582844733,0.007254275839008364,0.087267392549421
540,541.0,-0.07525388584532383,0.013613880769424432,0.09192783391293494
541,542.0,-0.0874469178806663,0.0025079919248612494,0.07904549508467512
542,543.0,-0.0756795022634249,0.015273776097291638,0.0899592959982751
543,544.0,-0.05590251679424406,0.03595937021684184,0.1087192012677447
544,545.0,-0.07268725482268842,0.019992584246907086,0.09075492127888252
545,546.0,-0.07096689605734487,0.022439431258970955,0.09113444038860935
546,547.0,-0.053368640991098386,0.04067199380395911,0.10723188135089846
547,548.0,-0.08730123068308096,0.007280904837839001,0.07163998422894285
548,549.0,-0.047393468286393174,0.04763682681166968,0.10973158340574483
549,550.0,-0.06296573174714912,0.032418939499941395,0.09218809326902057
550,551.0,-0.05239094486228831,0.043253969379239886,0.10063853538457038
551,552.0,-0.050397232132878264,0.0454135351200817,0.10035688172313861
552,553.0,-0.039215293046086,0.05666677355840116,0.10911467830947788
553,554.0,-0.048547448464645496,0.04731129346761242,0.09721199661683219
554,555.0,-0.049838015948582455,0.04590280030632523,0.0932070558842644
555,556.0,-0.027223064548222146,0.06830534140262057,0.11296646582013599
556,557.0,-0.060947350898865604,0.034274369744522845,0.07624828786381703
557,558.0,-0.03416954504732123,0.06065151794659557,0.09989680657805732
558,559.0,-0.04488549333813887,0.04944133506501702,0.08591926384690848
559,560.0,-0.03602433107560505,0.05771517354537202,0.09138974316601921
560,561.0,-0.0052703526039815235,0.0877893186610633,0.11862729638583037
561,562.0,-0.02277814603179572,0.06950985321700852,0.09748080568499529
562,563.0,-0.017308727967271866,0.07411652215209848,0.09919284541019341
563,564.0,-0.03398327994019375,0.056488995365779004,0.0786459421104272
564,565.0,-0.020350368895466337,0.0690796463842321,0.08829535038403753
565,566.0,-0.007973730658038736,0.08032576796732081,0.09658126564237539
566,567.0,-0.0032613011982840804,0.08382053982812113,0.09709978896476995
567,568.0,0.00249713349109512,0.08827537765497086,0.09856527323753887
568,569.0,-0.00044468343084109807,0.0839453110996485,0.09123569824351022
569,570.0,0.007880373293155584,0.09079883545418482,0.095082519427408
570,571.0,0.010286867881837884,0.09165196716212107,0.09292472048579956
571,572.0,-0.009415311424723162,0.07031612744515198,0.06857669406541705
572,573.0,0.012376428281132393,0.0903955214365282,0.0856456179641213
573,574.0,0.022797824677375903,0.09902757669270687,0.0912718907088918
574,575.0,0.024115107914533994,0.0984802892278909,0.08772647465837903
575,576.0,0.017657253416221565,0.09008447457186528,0.07634314413331296
576,577.0,0.016298091824778677,0.08671587589967272,0.07000059062621151
577,578.0,0.016205718231275597,0.08454457137418014,0.06487182723431414
578,579.0,0.02908574845750412,0.0952782284710171,0.07266744008809349
579,580.0,0.0447045409999087,0.10868532389777175,0.0831588053900909
580,581.0,0.016800218966594112,0.07850616344058031,0.05008910640005507
581,582.0,0.03262801872336882,0.09199822845613129,0.060718677087227765
582,583.0,0.030698875255722374,0.08767475901810744,0.05356358246160107
583,584.0,0.052774894254029606,0.10730022372754533,0.0703910855964048
584,585.0,0.042166306141551174,0.09418727140893028,0.0545165965663971
585,586.0,0.045740025771206165,0.0952052884202967,0.05281222703294153
586,587.0,0.05096412209022326,0.09782486587880411,0.05275125478003995
587,588.0,0.060222329269514194,0.10443230830103249,0.05672262970321109
588,589.0,0.054424249075443784,0.09593983343813088,0.045641171033968975
589,590.0,0.030408868236522106,0.06918908706084896,0.01635107955750808
590,591.0,0.06876550579003769,0.10477208768201726,0.04944687981369324
591,592.0,0.07012240312488872,0.10331981393532123,0.04556200500268711
592,593.0,0.06587128041488755,0.09622675830727476,0.03609334829456198
593,594.0,0.05949386803558348,0.08697745581810722,0.02452778914100401
594,595.0,0.07605016749557766,0.10063474218522998,0.03593044912510679
595,596.0,0.07845127318189396,0.10011257277158819,0.03321750865385162
596,597.0,0.07201146113906946,0.09072810854131065,0.02170829071790567
597,598.0,0.07652164210469282,0.0922751662481835,0.021198708946438494
598,599.0,0.0712869021294362,0.08406175618779242,0.010998803289899281
599,600.0,0.0806225554905192,0.09040613222511218,0.015428788044583945
600,601.0,0.06864280502995482,0.07542544923173339,-0.0013922926448480116
601,602.0,0.0899758957335069,0.09375091375152249,0.01516858401580171
602,603.0,0.07792995474410591,0.0786936210913375,-0.0015757452314335216
603,604.0,0.09123937602624242,0.0889909370562045,0.007113750319906167
604,605.0,0.0761957278227399,0.0709374024732386,-0.01246680177843089
605,606.0,0.08566272182353996,0.07739969942684956,-0.007449212460106466
606,607.0,0.09167598360755891,0.0804164187691782,-0.0057934651209652155
607,608.0,0.07729989539083071,0.06305489994187174,-0.024430877204304736
608,609.0,0.09609171332585219,0.07887534535700395,-0.00979998714544822
609,610.0,0.09208840550130878,0.07191765548919889,-0.01785972052225181
610,611.0,0.07930134382071535,0.05619611786036159,-0.03459470222891828
611,612.0,0.08444204712210002,0.05842514728199788,-0.03328951730699149
612,613.0,0.1041790488302038,0.07527615064943674,-0.017271847138158547
613,614.0,0.1076399408322074,0.07587956798179098,-0.017410429304048965
614,615.0,0.09782443799649229,0.06323793412995324,-0.030701996689848167
615,616.0,0.1035524432434603,0.0661739410644357,-0.028323215919113312
616,617.0,0.10200636223591443,0.06187274981329405,-0.03308837604883978
617,618.0,0.10322879900536353,0.060379683369218715,-0.034951696205069674
618,619.0,0.11285843045541051,0.06733609850963741,-0.028271454214662692
619,620.0,0.08489594106725279,0.036745317857504164,-0.05904405490510849
620,621.0,0.10659921273880835,0.0558678171168973,-0.04000884313790231
621,622.0,0.09578467152284367,0.042522569251373134,-0.053346759807271424
622,623.0,0.09703402952577918,0.041293783869279864,-0.054473602539873135
623,624.0,0.09582800531640702,0.03766462516774016,-0.0579063077436721
624,625.0,0.09457536169528598,0.034046247288508615,-0.06123391515279794
625,626.0,0.08544416447211739,0.022609050735380186,-0.07228631121880447
626,627.0,0.09882238776002912,0.033743285364415294,-0.06067362583725462
627,628.0,0.11288557904364803,0.04562671320612654,-0.048218569150764376
628,629.0,0.09470705721228291,0.025334804313174124,-0.06784623523532976
629,630.0,0.09425275729394211,0.022835579371444092,-0.06958925893252173
630,631.0,0.08629880789337357,0.012907185079795446,-0.07867023982281224
631,632.0,0.09081029402828616,0.015516654994666677,-0.0751229806444804
632,633.0,0.09536916685184396,0.018247817329598126,-0.07136457866876833
633,634.0,0.08563802392968844,0.006765073379821553,-0.08173164636194971
634,635.0,0.08334718543513461,0.0028004719373924663,-0.08449323596973679
635,636.0,0.09037591664881207,0.008234930084894381,-0.0777696176369856
636,637.0,0.07553605856614283,-0.00811813782721315,-0.0927486492586974
637,638.0,0.08553030298327226,0.00044545335262469827,-0.0827275016912464
638,639.0,0.08941586888730829,0.0029843344935360757,-0.07864898249768598
639,640.0,0.09293930345214882,0.005246381784692999,-0.07476673492571945
640,641.0,0.07648486626165606,-0.0123829003530922,-0.09069685349660273
641,642.0,0.08903715374140123,-0.0009177560641263141,-0.0774552592239402
642,643.0,0.0836034028295379,-0.0073498755311786415,-0.0820353954321621
643,644.0,0.06112300209409045,-0.030738884916995432,-0.10349871596789831
644,645.0,0.056661415475331746,-0.036018423594263764,-0.10678076062623922
645,646.0,0.06347889874724869,-0.029927428569067126,-0.09862243769870553
646,647.0,0.07443996895418932,-0.019600665840868184,-0.08616055338780755
647,648.0,0.060986513944039956,-0.03359562157688001,-0.09795470096798388
648,649.0,0.053200678722698166,-0.04182961637536469,-0.10392437296943985
649,650.0,0.07216912596758306,-0.023215545279507446,-0.08298469904858663
650,651.0,0.05689927546684735,-0.03874563877468087,-0.09613020478001111
651,652.0,0.028154502934182826,-0.06765626431877714,-0.12259961092183405
652,653.0,0.051811580501216835,-0.04407048610327032,-0.09651839085434706
653,654.0,0.05107190714800071,-0.044786834784257205,-0.09468753793347699
654,655.0,0.045313844677649005,-0.05042697157725869,-0.09773122715519786
655,656.0,0.04469864345705307,-0.05082976249378965,-0.09549088691130507
656,657.0,0.036632856638224,-0.05858886400516445,-0.10056278212445864
657,658.0,0.021188928167926342,-0.07363213482599047,-0.11287742345745222
658,659.0,0.027699199079643137,-0.06662762932351275,-0.10310555810540424
659,660.0,0.018952439237476557,-0.07478706538350052,-0.10846163500414771
660,661.0,0.016055510310669124,-0.07700416095437569,-0.10784213867914277
661,662.0,0.00970150827621441,-0.08258649097258983,-0.11055744344057661
662,663.0,0.023784315865182155,-0.0676409342541882,-0.09271725751228313
663,664.0,0.017146612837264114,-0.07332566246870866,-0.09548260921335686
664,665.0,0.008578268680711959,-0.08085174659898636,-0.10006745059879148
665,666.0,0.0034459253880227154,-0.08485357323733683,-0.10110907091239144
666,667.0,0.006574647079201751,-0.08050719394720346,-0.0937864430838523
667,668.0,0.014463679333962573,-0.07131456482991318,-0.0816044604124812
668,669.0,-0.019511194734972277,-0.1039011892654619,-0.1111915764093236
669,670.0,0.0011584339998999527,-0.08176002816112929,-0.08604371213435248
670,671.0,-0.011206168495658857,-0.09257126777594203,-0.09384402109962053
671,672.0,-0.02772795113511662,-0.10745939000499176,-0.10571995662525684
672,673.0,-0.03146340189367047,-0.10948249504906629,-0.1047325915766594
673,674.0,-0.024246635541401773,-0.10047638755673274,-0.09272070157291767
674,675.0,-0.016021214149258337,-0.09038639546261525,-0.07963258089310339
675,676.0,-0.017365212176128533,-0.08979243333177224,-0.07605110289321994
676,677.0,-0.0337441726269502,-0.10416195670184425,-0.08744667142838307
677,678.0,-0.01721862756035946,-0.08555748070326402,-0.06588473656339804
678,679.0,-0.01616645360775716,-0.08235893362127017,-0.05974814523834657
679,680.0,-0.029412876354745866,-0.09339365925260891,-0.0678671407449281
680,681.0,-0.04223228665949123,-0.10393823113347744,-0.0755211740929522
681,682.0,-0.027982744175560105,-0.08735295390832258,-0.05607340253941907
682,683.0,-0.03454294285335672,-0.09151882661574179,-0.05740765005923544
683,684.0,-0.03625124492807541,-0.09077657440159115,-0.05386743627045063
684,685.0,-0.054274039156979495,-0.1062950044243586,-0.06662432958182544
685,686.0,-0.07879194740550109,-0.12825721005459165,-0.08586414866723648
686,687.0,-0.03196570757475299,-0.07882645136333384,-0.03375284026456969
687,688.0,-0.07187718079506555,-0.11608715982658385,-0.06837748122876247
688,689.0,-0.05870581977554235,-0.10022140413822946,-0.04992274173406757
689,690.0,-0.037062845272323855,-0.07584306409665073,-0.023005056593309852
690,691.0,-0.06002661931341874,-0.09603320120539832,-0.04070799333707431
691,692.0,-0.05623950881258593,-0.08943691962301846,-0.031679110690384336
692,693.0,-0.08309065639201679,-0.11344613428440402,-0.05331272427169125
693,694.0,-0.08811090378963987,-0.11559449157216362,-0.053144824895060436
694,695.0,-0.07785939430855962,-0.10244396899821194,-0.03773967593808876
695,696.0,-0.0637514205021931,-0.08541272009188734,-0.018517655974150768
696,697.0,-0.08017428444255129,-0.09889093184479249,-0.02987111402138753
697,698.0,-0.08663532002116318,-0.10238884416465387,-0.031312386862908874
698,699.0,-0.07860879425522974,-0.09138364831358596,-0.018320695415692832
699,700.0,-0.07158909422661983,-0.08137267096121281,-0.006395326780684593
700,701.0,-0.09859650047152332,-0.10537914467330192,-0.028561402796720526
701,702.0,-0.09790813746442205,-0.10168315548243766,-0.02310082574671688
702,703.0,-0.09526033219744251,-0.0960239985446741,-0.01575463222190309
703,704.0,-0.07791196080079837,-0.07566352183076049,0.006213664905537857
704,705.0,-0.08790714172593156,-0.08264881637643028,0.0007553878752392051
705,706.0,-0.0702417641765309,-0.06197874177984053,0.022870170107115496
706,707.0,-0.08341642039990703,-0.07215685556152632,0.014053028328617084
707,708.0,-0.09425784527822005,-0.08001284982926109,0.007472927316915387
708,709.0,-0.08228945621356361,-0.06507308824471537,0.02360224425773679
709,710.0,-0.09376491100278922,-0.07359416099067935,0.01618321502077135
710,711.0,-0.10377411932388211,-0.08066889336352837,0.010121926725751509
711,712.0,-0.09067472622077215,-0.06465782638067002,0.02705683820831934
712,713.0,-0.10509111452799297,-0.07618821634722592,0.016359781440369373
713,714.0,-0.10158835198473283,-0.0698279791343164,0.023462018151523524
714,715.0,-0.08586569743471213,-0.051279193568173086,0.04266073725162832
715,716.0,-0.10051763998522932,-0.06313913780620473,0.031358019177344286
716,717.0,-0.10779934047620161,-0.06766572805358122,0.027295397808552592
717,718.0,-0.10457594609844106,-0.06172683046229626,0.033604549111992135
718,719.0,-0.08978068452872084,-0.04425835258294777,0.05134920014135234
719,720.0,-0.1054913317835628,-0.057340708573814195,0.038448664188798456
720,721.0,-0.10370331388369858,-0.05297191826178755,0.042904741993012065
721,722.0,-0.10470768847495816,-0.05144558620348763,0.04442374285515693
722,723.0,-0.09743736392489248,-0.041697118268393174,0.054070268140759825
723,724.0,-0.1027054002247138,-0.044542020076046955,0.051028912835365314
724,725.0,-0.1143451933516242,-0.05381607894484684,0.04146408349645972
725,726.0,-0.10657793580839799,-0.04374282207166079,0.05115253988252387
726,727.0,-0.10631688618251749,-0.04123778378690368,0.05317912741476625
727,728.0,-0.0837429548712079,-0.01648408903368643,0.07736119332320449
728,729.0,-0.08714164699568006,-0.017769394096571283,0.0754116454519326
729,730.0,-0.0883940139272948,-0.016976836004796797,0.07544800229916902
730,731.0,-0.09822538143758432,-0.02483375862400619,0.0667436662786015
731,732.0,-0.10014295491240699,-0.02484931587878752,0.06579031976035958
732,733.0,-0.09578267860807724,-0.018661329085831405,0.07095106691253507
733,734.0,-0.09985924936224862,-0.020986298812381732,0.06751042092938954
734,735.0,-0.06291322192978457,0.01763349156795758,0.10492719947508683
735,736.0,-0.10879648773089365,-0.02665550116697595,0.05934904655490403
736,737.0,-0.0790760209135952,0.004578175479760774,0.08920868691124502
737,738.0,-0.09585085969242882,-0.010766010061781258,0.07240694498208985
738,739.0,-0.082256085829641,0.004175448564131202,0.08580876555535326
739,740.0,-0.08921983746029133,-0.0015269157928355127,0.07848620091757695
740,741.0,-0.08916497595925184,-0.00029720934450359025,0.07801674379900693
741,742.0,-0.08676314435268373,0.0031917654528438207,0.07972926861265771
742,743.0,-0.05570944242730214,0.0352438359334144,0.10992935583439786
743,744.0,-0.07241501272089704,0.019446874290188838,0.09220670534109172
744,745.0,-0.07649782253604412,0.016182016533551377,0.08694435356552684
745,746.0,-0.06097066548496417,0.03243566183135164,0.10113067096099004
746,747.0,-0.06404712088257779,0.029993513912479706,0.09655340145941908
747,748.0,-0.05450904642622348,0.04007308909469647,0.10443216848580035
748,749.0,-0.07744982085865436,0.017580474239408502,0.07967523083348367
749,750.0,-0.053610655122477445,0.04177401612461306,0.10154316989369226
750,751.0,-0.04630328221579038,0.04934163202573781,0.10672619803106834
751,752.0,-0.06797642860323588,0.027834338649724077,0.08277768525278101
752,753.0,-0.044158021394056834,0.05172404521043032,0.10417194996150707
753,754.0,-0.02890968527401043,0.06694905665824748,0.11684975980746727
754,755.0,-0.043206335166485005,0.05253448108842269,0.09983873666636188
755,756.0,-0.031987463084485045,0.06354094286635767,0.1082020672838731
756,757.0,-0.03059990822434473,0.06462181241904373,0.10659573053833793
757,758.0,-0.041447943839479466,0.05337311915443735,0.09261840778589911
758,759.0,-0.031008571765982734,0.06331825663717316,0.09979618541906465
759,760.0,-0.0440785443016555,0.04966096031932157,0.08333552993996879
760,761.0,-0.029895949789638176,0.06316372147540665,0.09400169920017373
761,762.0,-0.019675312017574817,0.07261268723122943,0.10058363969921623
762,763.0,-0.012028420001407721,0.07939683011796263,0.10447315337605757
763,764.0,-0.015921530130658737,0.07455074517531403,0.09670769191996224
764,765.0,-0.005860085006087397,0.08356993027361094,0.10278563427341605
765,766.0,-0.020968366794880306,0.06733113183047926,0.08358662950553386
766,767.0,-0.007825850874965,0.07925599015144022,0.09253523928808907
767,768.0,-0.0034789382077069194,0.08229930595616883,0.09258920153873687
768,769.0,0.01796495004677948,0.10235494457726911,0.10964533172113083
769,770.0,0.0004686646466081196,0.08338712680763737,0.08767081078086056
770,771.0,0.0007588823755391907,0.08212398165582238,0.0833967349795009
771,772.0,0.009095604923757616,0.08882704379363278,0.08708761041389787
772,773.0,0.002815236613331438,0.08083432976872724,0.07608442629632038
773,774.0,0.017046339090701006,0.093276091106032,0.08552040512221694
774,775.0,0.014565757541726199,0.08893093885508312,0.07817712428557126
775,776.0,0.003382566035517603,0.07580978719116131,0.06206845675260901
776,777.0,0.023768491388833725,0.09418627546372778,0.07747099019026661
777,778.0,0.024213406535189903,0.09255225967809447,0.0728795155382285
778,779.0,0.01407205555223838,0.08026453556575139,0.05765374718282781
779,780.0,0.03270240065816624,0.0966831835560293,0.0711566650483485
780,781.0,0.051211819602154915,0.11291776407614112,0.08450070703561591
781,782.0,0.04443997350342091,0.1038101832361834,0.0725306318672799
782,783.0,0.04821617173730167,0.10519205549968676,0.07108087894318041
783,784.0,0.03151035178579416,0.0860356812593099,0.0491265431281694
784,785.0,0.05247838609648639,0.10449935136386551,0.06482867652133235
785,786.0,0.05193089816655483,0.1013961608156454,0.05900309942829024
786,787.0,0.058424070172934044,0.10528481396151491,0.06021120286275077
787,788.0,0.05999468297765445,0.10420466200917278,0.056494983411351396
788,789.0,0.044750331801901994,0.08626591616458912,0.03596725376042724
789,790.0,0.06045629066894168,0.09923650949326855,0.0463985019899277
790,791.0,0.05575367827191082,0.0917602601638904,0.03643505229556641
791,792.0,0.06523113260532006,0.0984285434157526,0.04067073448311849
792,793.0,0.059092681429181344,0.0894481593215686,0.02931474930885583
793,794.0,0.083458937913713,0.11094252569623644,0.048492859019133014
794,795.0,0.06394264250432063,0.08852721719397298,0.02382292413384981
795,796.0,0.06566949628188272,0.08733079587157698,0.02043573175384042
796,797.0,0.07745765403151372,0.09617430143375492,0.027154483610349976
797,798.0,0.06791796611640825,0.08367149025989894,0.012595032958153951
798,799.0,0.07634183413035073,0.089116688188707,0.016053735290813866
799,800.0,0.07410880043601285,0.08389237717060585,0.008915032990077641
800,801.0,0.09825881911968573,0.10504146332146433,0.028223721444882936
801,802.0,0.09366074579150026,0.09743576380951587,0.018853434073795104
802,803.0,0.08679894446769472,0.08756261081492667,0.00729324449215585
803,804.0,0.08494617402617896,0.0826977350561414,0.0008205483198432621
804,805.0,0.09966453313117017,0.09440620778166856,0.011002003529998904
805,806.0,0.09561533908546421,0.08735231668877384,0.002503404801817836
806,807.0,0.09776140170504674,0.08650183686666606,0.00029195297652265424
807,808.0,0.09364497113608082,0.07939997568712188,-0.008085801459054586
808,809.0,0.07805793431673692,0.06084156634788872,-0.02783376615456344
809,810.0,0.09475522130451247,0.0745844712924026,-0.015192904719048087
810,811.0,0.09140000660671688,0.06829478064636349,-0.022496039442916275
811,812.0,0.10392502739782195,0.07790812755771982,-0.01380653703126954
812,813.0,0.10824627231932402,0.07934337413855698,-0.013204623649038301
813,814.0,0.09210487052908253,0.060344497678665794,-0.03294549960717421
814,815.0,0.10382737673706247,0.06924087287052344,-0.024699057949277962
815,816.0,0.11686361509991246,0.07948511292088788,-0.015012044062661132
816,817.0,0.09309079939707973,0.052957186974459364,-0.04200393888767446
817,818.0,0.11675178658481752,0.07390267094867273,-0.02142870862561566
818,819.0,0.09147273191290112,0.04595039996712803,-0.04965715275717207
819,820.0,0.10019552260547504,0.05204489939572673,-0.04374447336688591
820,821.0,0.09972314929677371,0.04899175367486299,-0.04688490657993662
821,822.0,0.09971975007732249,0.04645764780585198,-0.04941168125279258
822,823.0,0.09089983844921609,0.03515959279271651,-0.060607793616436464
823,824.0,0.09293867158331343,0.03477529143464659,-0.06079564147676568
824,825.0,0.09164962999830484,0.03112051559152748,-0.06415964684977907
825,826.0,0.10097575234399216,0.03814063860725497,-0.0567547233469297
826,827.0,0.10028934691255624,0.03521024451694242,-0.0592066666847275
827,828.0,0.11843559203314213,0.051176726195620914,-0.04266855616127007
828,829.0,0.1089782774796818,0.03960602458057328,-0.053575014967930705
829,830.0,0.08916817529990817,0.017750997377409934,-0.0746738409265558
830,831.0,0.09642049442290196,0.023028871609323615,-0.06854855329328398
831,832.0,0.10195621930038487,0.026662580266765414,-0.06397705537238169
832,833.0,0.09101352083488885,0.013892171312643024,-0.07572022468572345
833,834.0,0.08864403255226252,0.00977108200239565,-0.07872563773937562
834,835.0,0.08840097527335353,0.00785426177561139,-0.07943944613151788
835,836.0,0.0950160375352641,0.012875050971346572,-0.07312949675053357
836,837.0,0.07623290103628116,-0.007421295357074641,-0.09205180678855904
837,838.0,0.0797486420243016,-0.005336207606346099,-0.08850916265021704
838,839.0,0.08591698236315869,-0.0005145520306136528,-0.08214786902183555
839,840.0,0.08245428875089555,-0.005238632916560264,-0.08525174962697274
840,841.0,0.07978451393298945,-0.009083252681758794,-0.08739720582526933
841,842.0,0.07166316968029608,-0.018291740125231458,-0.09482924328504536
842,843.0,0.0829846618561481,-0.007968616504568428,-0.08265413640555191
843,844.0,0.0924238109698465,0.0005619239587606288,-0.07219790709214227
844,845.0,0.07290495552802558,-0.019774883541569817,-0.09053722057354552
845,846.0,0.06459676811029479,-0.028809559206020952,-0.09750456833565961
846,847.0,0.07170801691718594,-0.022332617877871615,-0.08889250542481075
847,848.0,0.05631805765211012,-0.03826407786880983,-0.10262315725991371
848,849.0,0.0517103508522471,-0.04331994424581575,-0.10541470083989093
849,850.0,0.05697478164323459,-0.03840988960385591,-0.09817904337293511
850,851.0,0.02820226425711447,-0.06744264998441375,-0.124827215989744
851,852.0,0.03982094205557017,-0.05598982519738979,-0.11093317180044673
852,853.0,0.04516035567908182,-0.05072171092540534,-0.10316961567648236
853,854.0,0.03233761242081491,-0.063521129511443,-0.1134218326606628
854,855.0,0.03273132711401637,-0.0630094891408913,-0.11031374471883021
855,856.0,0.03583403908015278,-0.059694366870689915,-0.10435549128820507
856,857.0,0.020875959792147743,-0.07434576085124073,-0.11631967897053491
857,858.0,0.030312168901775384,-0.06450889409214143,-0.1037541827236032
858,859.0,0.02605353746651925,-0.06827329093663664,-0.10475121971852815
859,860.0,0.028662649276889655,-0.06507685534408743,-0.09875142496473466
860,861.0,0.03692475972355312,-0.05613491154149171,-0.0869728892662588
861,862.0,0.02405723593216619,-0.06823076331663815,-0.09620171578462527
862,863.0,0.019470045152206003,-0.07195520496716425,-0.09703152822525887
863,864.0,0.017162195953444984,-0.07331007935252777,-0.095467026097176
864,865.0,0.01533385005873035,-0.07409616522096799,-0.09331186922077313
865,866.0,-0.00022808182077106547,-0.08852758044613063,-0.10478307812118524
866,867.0,0.005661124881708316,-0.08142071614469691,-0.09469996528134576
867,868.0,0.006759244471203836,-0.07901899969267193,-0.08930889527523997
868,869.0,-0.013176637405413708,-0.09756663193590333,-0.10485701907976507
869,870.0,0.006046198019549583,-0.07687226414147967,-0.08115594811470288
870,871.0,0.005064711589100891,-0.0763003876911823,-0.07757314101486083
871,872.0,-0.01519585256981636,-0.09492729143969132,-0.0931878580599561
872,873.0,-0.014419748976562261,-0.0924388421319579,-0.08768893865955069
873,874.0,-0.02390070402814956,-0.10013045604348056,-0.09237477005966552
874,875.0,-0.01122250487131059,-0.08558768618466753,-0.07483387161515567
875,876.0,-0.03190806439038852,-0.10433528554603225,-0.09059395510747996
876,877.0,-0.026579127002601524,-0.09699691107749558,-0.08028162580403443
877,878.0,-0.03597803655256826,-0.10431688969547308,-0.08464414555560745
878,879.0,-0.029886745802804968,-0.09607922581631823,-0.07346843743339498
879,880.0,-0.051316034919209,-0.11529681781707181,-0.08977029930939068
880,881.0,-0.023053643557753495,-0.08475958803173946,-0.05634253099121392
881,882.0,-0.04887300026272641,-0.1082432099954889,-0.07696365862658541
882,883.0,-0.04149795297882732,-0.0984738367412124,-0.06436266018470606
883,884.0,-0.04705054948932766,-0.10157587896284341,-0.06466674083170292
884,885.0,-0.05533054752648913,-0.10735151279386827,-0.06768083795133513
885,886.0,-0.05932420371911308,-0.10878946636820395,-0.06639640498084912
886,887.0,-0.04376963235406482,-0.090630376142646,-0.045556765043882175
887,888.0,-0.061024802691585875,-0.10523478172310391,-0.05752510312528224
888,889.0,-0.055636437210567304,-0.09715202157325413,-0.04685335916909196
889,890.0,-0.06888526763846509,-0.10766548646279198,-0.05482747895945113
890,891.0,-0.06980420119464008,-0.10581078308661968,-0.05048557521829568
891,892.0,-0.06100950204728978,-0.09420691285772234,-0.03644910392508823
892,893.0,-0.05876260573708847,-0.08911808362947574,-0.02898467361676298
893,894.0,-0.07208739826557299,-0.09957098604809675,-0.03712131937099359
894,895.0,-0.08675156510516817,-0.11133613979482088,-0.04663184673469794
895,896.0,-0.05467935704903827,-0.07634065663873221,-0.009445592520995406
896,897.0,-0.08527728304842051,-0.1039939304506614,-0.03497411262725621
897,898.0,-0.09410483080716628,-0.10985835495065664,-0.03878189764891144
898,899.0,-0.054644221276997876,-0.06741907533535413,0.005643877562538986
899,900.0,-0.08644876934990182,-0.09623234608449485,-0.02125500190396664
900,901.0,-0.09876442536340369,-0.1055470695651823,-0.02872932768860091
901,902.0,-0.09263710519107535,-0.09641212320909097,-0.017829793473370208
902,903.0,-0.08369819069212597,-0.08446185703935793,-0.004192490716587118
903,904.0,-0.08695522897197971,-0.08470679000194219,-0.0028296032656440397
904,905.0,-0.09877264895795493,-0.09351432360845333,-0.010110119356783683
905,906.0,-0.07333606228095572,-0.06507303988426538,0.01977587200269063
906,907.0,-0.09799667443815191,-0.08673710959977123,-0.0005272257096278305
907,908.0,-0.10575375941363885,-0.09150876396467991,-0.004022986818503452
908,909.0,-0.08533330060984465,-0.06811693264099644,0.020558399861455703
909,910.0,-0.08258925266471118,-0.062418502652601314,0.02735887335884937
910,911.0,-0.1048998367749698,-0.08179461081461643,0.00899620927466332
911,912.0,-0.11148794759361629,-0.08547104775351418,0.006243616835475193
912,913.0,-0.08782346531522607,-0.058920567134459034,0.033627430653136225
913,914.0,-0.11915761710727384,-0.08739724425685712,0.0058927530289828965
914,915.0,-0.1114097409882581,-0.07682323712171908,0.01711669369808231
915,916.0,-0.08983036362255298,-0.052451861443528404,0.04204529554002061
916,917.0,-0.10032145208300923,-0.060187839660388855,0.03477328620174496
917,918.0,-0.10257194267001303,-0.059722827033868234,0.03560855254042015
918,919.0,-0.0964704243196638,-0.05094809237389073,0.04465946035040937
919,920.0,-0.10149366928484961,-0.053343046075101305,0.042446326687511325
920,921.0,-0.11282147263682299,-0.06209007701491169,0.03378658323988792
921,922.0,-0.08684400761856,-0.03358190534708949,0.062287423711555066
922,923.0,-0.0860264783394274,-0.03028623268292782,0.06548115372622516
923,924.0,-0.09679717698317812,-0.0386337968345113,0.05693713607690097
924,925.0,-0.09787549270757873,-0.0373463783008014,0.057933784140505165
925,926.0,-0.074309878329747,-0.01147476459300983,0.08342059736117484
926,927.0,-0.09975332421761149,-0.03467422182199769,0.059742689379672524
927,928.0,-0.09877191853409995,-0.03151305269657873,0.06233222966031225
928,929.0,-0.09162357492436554,-0.02225132202525702,0.07092971752324696
929,930.0,-0.07955338815986958,-0.008136210237371353,0.08428862806659462
930,931.0,-0.07724409072076527,-0.003852467907186928,0.08772495699542066
931,932.0,-0.09457076580923499,-0.01927712677561554,0.07136250886353132
932,933.0,-0.08762419013191022,-0.010502840609664403,0.07910955538870185
933,934.0,-0.10312128300737267,-0.024248332457505788,0.06424838728426549
934,935.0,-0.09100498692481679,-0.010458273427074644,0.07683543448005463
935,936.0,-0.09474617520197288,-0.012605188638055372,0.07339935908382497
936,937.0,-0.09478442378732334,-0.011130227393967535,0.07350028403751688
937,938.0,-0.06618956954983007,0.01889528008081762,0.10206823512468875
938,939.0,-0.08913551753275534,-0.002703983138982991,0.07892933385223908
939,940.0,-0.08465587711546856,0.003037044551987258,0.08305016126239974
940,941.0,-0.07373019845525695,0.015137568159491277,0.09345152130300166
941,942.0,-0.06238292867359827,0.02757198113192927,0.10410948429174303
942,943.0,-0.06844815270083437,0.022505125659882143,0.09719064556086564
943,944.0,-0.043491577357585326,0.04837030965350056,0.12113014070440357
944,945.0,-0.06958748037377503,0.02309235869582037,0.09385469572779619
945,946.0,-0.06394137072349519,0.02946495659282069,0.09815996572245887
946,947.0,-0.06139460728839997,0.03264602750665759,0.09920591505359684
947,948.0,-0.047358890151748476,0.04722324536917147,0.11158232476027535
948,949.0,-0.05413486478817993,0.04089543030988293,0.10299018690395811
949,950.0,-0.05780899117096897,0.037575680076121526,0.09734483384520068
950,951.0,-0.06350511653588302,0.03213979770564517,0.08952436371097572
951,952.0,-0.04891601113247395,0.04689475612048602,0.10183810272354296
952,953.0,-0.034626525925370695,0.06125554067911646,0.11370344543019353
953,954.0,-0.04997531893887077,0.04588342299338715,0.09578412614260698
954,955.0,-0.03776832194877185,0.05797249430613582,0.10527674988407473
955,956.0,-0.03774004456788442,0.057788361382958564,0.10244948580047343
956,957.0,-0.0286704161436407,0.06655130449974776,0.10852522261904199
957,958.0,-0.04242042427075241,0.0524006387231644,0.09164592735462619
958,959.0,-0.00793976880658209,0.08638705959657354,0.12286498837846535
959,960.0,-0.04120020826332209,0.05253929635765499,0.08621386597830223
960,961.0,-0.029038430318473314,0.06402124094657152,0.09485921867133863
961,962.0,-0.01295126635818109,0.0793367328906235,0.10730768535861032
962,963.0,-0.016292093213844245,0.07513315690552602,0.10020948016362065
963,964.0,-0.007867789792326845,0.08260448551364616,0.10476143225829407
964,965.0,-0.0180209456473447,0.07140906963235387,0.09062477363215869
965,966.0,-0.010687354492130045,0.07761214413322952,0.09386764180828416
966,967.0,-0.006686558293028136,0.08039528273337689,0.09367453187002608
967,968.0,0.012020864092521327,0.0977991082563969,0.10808900383896529
968,969.0,0.00637332782381358,0.09076332235430322,0.09805370949816497
969,970.0,0.010577052292255652,0.09349551445328491,0.09777919842650812
970,971.0,-0.0008302121698869572,0.08053488711039623,0.08180764043407479
971,972.0,0.018570919070952967,0.09830235794082794,0.09656292456109272
972,973.0,0.014262187697719236,0.09228128085311503,0.0875313773807075
973,974.0,0.029010253756828093,0.10524000577215925,0.09748431978834388
974,975.0,0.03835691125637343,0.11272209256973037,0.10196827800021853
975,976.0,0.01822818375565937,0.09065540491130299,0.07691407447275105
976,977.0,0.020291325595721683,0.09070910967061564,0.07399382439715484
977,978.0,0.018748387563467833,0.08708724070637267,0.06741449656650705
978,979.0,0.028960493455754646,0.09515297346926802,0.07254218508634444
979,980.0,0.02955348771480794,0.09353427061267076,0.06800775210498965
980,981.0,0.03991330397712052,0.1016192484511065,0.07320219141058097
981,982.0,0.03778126785132639,0.09715147758408896,0.06587192621518516
982,983.0,0.03848090700217387,0.09545679076455897,0.06134561420805264
983,984.0,0.055571170402903075,0.11009649987641883,0.07318736174527836
984,985.0,0.03833060009574962,0.09035156536312874,0.05068089052059592
985,986.0,0.054777481884267155,0.10424274453335804,0.06184968314600321
986,987.0,0.04907420051770457,0.09593494430628577,0.050861333207521946
987,988.0,0.06301208180926582,0.10722206084078416,0.059512382242962805
988,989.0,0.0722007545241627,0.11371633888684954,0.06341767648268738
989,990.0,0.05783931625028089,0.09661953507460748,0.04378152757126635
990,991.0,0.06774271594889425,0.10374929784087354,0.048424089972549274
991,992.0,0.06751990220550007,0.10071731301593262,0.04295950408329853
992,993.0,0.06007246670276867,0.09042794459515593,0.0302945345824432
993,994.0,0.07274210933972192,0.10022569712224602,0.03777603044514312
994,995.0,0.07542357144155191,0.10000814613120462,0.03530385307108171
995,996.0,0.07878762605099981,0.10044892564069409,0.03355386152295755
996,997.0,0.07472780099787772,0.09344444840011895,0.024424630576714013
997,998.0,0.07963087981354987,0.09538440395704025,0.024307946655295044
998,999.0,0.06911235770624824,0.08188721176460417,0.008824258866710843
999,1000.0,0.0788273056565941,0.08861088239118678,0.013633538210658363
